<?xml version="1.0" encoding="utf-8"?>
<extension type="component" version="4.0" method="upgrade">

    <name>Semantycanm</name>
    <creationDate>November 2023</creationDate>
    <author>aidazi</author>
    <authorUrl>https://absolute.lv</authorUrl>
    <copyright>Nzimas</copyright>
    <license>GPL v3</license>
    <version>0.0.8</version>
    <description>A newsletter manager</description>

    <namespace path="src/">Semantyca\Component\SemantycaNM</namespace>

    <files folder="../site/">
        <folder>language</folder>
        <folder>src</folder>
        <folder>tmpl</folder>
    </files>

    <languages>
        <language tag="en-GB">language/en-GB/en-GB.com_semantycanm.ini</language>
        <language tag="pt-PT">language/pt-PT/pt-PT.com_semantycanm.ini</language>
    </languages>

    <administration>

        <menu link="index.php?option=com_semantycanm">Semantyca</menu>
        <files folder="admin/">
            <filename>access.xml</filename>
            <filename>config.xml</filename>
            <filename>semantycanm.xml</filename>
            <folder>language</folder>
            <folder>assets</folder>
            <folder>services</folder>
            <folder>sql</folder>
            <folder>src</folder>
            <folder>tmpl</folder>
        </files>

        <languages>
            <language tag="en-GB">language/en-GB/en-GB.com_semantycanm.ini</language>
            <language tag="en-GB">language/en-GB/en-GB.com_semantycanm.sys.ini</language>
            <language tag="pt-PT">language/pt-PT/pt-PT.com_semantycanm.ini</language>
            <language tag="pt-PT">language/pt-PT/pt-PT.com_semantycanm.sys.ini</language>
        </languages>

    </administration>

    <install>
        <sql>
            <file driver="mysql" charset="utf8">sql/install.mysql.utf8.sql</file>
        </sql>
    </install>
    <uninstall>
        <sql>
            <file driver="mysql" charset="utf8">sql/uninstall.mysql.utf8.sql</file>
        </sql>
    </uninstall>
    <update>
        <schemas>
            <schemapath type="mysql">sql/updates</schemapath>
        </schemas>
    </update>

</extension>